<?xml version='1.0' encoding='utf-8'?>
<Sas version="0.12.11">
  <Repository remote="https://maven.aliyun.com/repository/public"/>
  <Engines>
    <Engine name="tomcat11" type="tomcat" version="11.0.2">
    </Engine>
  </Engines>

  <Resources/>

  <Farms>
    <Farm name="mlcs" engine="tomcat11" maxHeapSize="200G">
      <ServerOptions>-Duser.timezone=Asia/Shanghai</ServerOptions>
      <Http acceptCount="100" maxThreads="200" />
      <Server name="server1"  http="6980"  />
    </Farm>
  </Farms>

  <Webapps>
    <Webapp name="mlcsapp"  uri="gav://kp-mlcs:kp-mlcs-webapp:0.0.1-SNAPSHOT" runAt="mlcs" path="/"/>
  </Webapps>
</Sas>

