<?xml version="1.0" encoding="UTF-8"?>
<Server port="-1" shutdown="SHUTDOWN">
  <Listener className="org.apache.catalina.core.AprLifecycleListener" SSLEngine="on"/>
  <Listener className="org.apache.catalina.core.JreMemoryLeakPreventionListener" />
  <Listener className="org.apache.catalina.mbeans.GlobalResourcesLifecycleListener" />
  <Listener className="org.apache.catalina.core.ThreadLocalLeakPreventionListener" />
  <Service name="Catalina">
    <Connector port="6980" protocol="HTTP/1.1"
      URIEncoding="UTF-8" enableLookups="false" acceptCount="100"
      maxThreads="200" minSpareThreads="10" connectionTimeout="20000"
      compression="off"
      disableUploadTimeout="true"/>
    <Engine name="Catalina" defaultHost="localhost">
      <Host name="localhost" appBase="webapps" unpackWARs="true" startStopThreads="0" autoDeploy="false" errorReportValveClass="org.beangle.sas.engine.tomcat.SwallowErrorValve">
        <Context path="" containerSciFilter="JasperInitializer"    docBase="/home/lanping/newdisk/mlcs/servers/mlcs.server1/webapps/ROOT">
          <JarScanner scanClassPath="false" scanManifest="false" scanAllFiles="false" scanAllDirectories="false" scanBootstrapClassPath="false" />
          <Loader className="org.apache.catalina.loader.WebappLoader" loaderClass="org.beangle.sas.engine.tomcat.DependencyClassLoader" />
        </Context>
      </Host>
    </Engine>
  </Service>
</Server>
